user_id,join_date,age,gender,region
USR-51071089,2025-12-16,30,Male,Tokyo
USR-FE79FFF4,2025-12-14,18,Female,Tokyo
USR-888AD4CB,2025-12-23,33,Male,Fukuoka
USR-3724F37F,2025-09-27,33,Female,Fukuoka
USR-2E4ED9CB,2025-11-07,45,Female,Tokyo
USR-AF96F555,2025-10-09,18,Male,Tokyo
USR-866FFF9C,2025-09-05,29,Male,Tokyo
USR-A18406EA,2025-09-14,20,Female,Saitama
USR-77136ACA,2025-09-11,25,Male,Fukuoka
USR-EBD896B1,2025-09-26,19,Female,Fukuoka
USR-889A4DC0,2025-12-10,29,Male,Osaka
USR-C6D143FA,2025-09-29,35,Male,Osaka
USR-1C678179,2026-02-02,24,Male,Tokyo
USR-ACD1B747,2025-12-27,55,Female,Kanagawa
USR-89894EE7,2025-09-16,46,Male,Osaka
USR-62ADA4A2,2025-07-12,31,Female,Saitama
USR-E40C4BCA,2025-08-28,18,Male,Tokyo
USR-4B1DB9C3,2026-01-02,39,Male,Kyoto
USR-D93FE2BC,2025-10-01,25,Female,Osaka
USR-B4F817A8,2025-08-28,26,Male,Tokyo
USR-2FBBD898,2026-02-12,29,Female,Hyogo
USR-C868D1CB,2026-01-27,36,Other,Fukuoka
USR-E3A158EB,2025-11-05,33,Male,Kanagawa
USR-8FF0D4B5,2025-11-04,21,Male,Osaka
USR-3F1415D3,2025-08-01,31,Other,Hyogo
USR-0311399C,2025-06-25,33,Female,Fukuoka
USR-BA9A1EE4,2025-12-17,46,Male,Aichi
USR-EAC539FE,2025-10-05,39,Female,Osaka
USR-1917C70A,2026-02-02,31,Other,Hyogo
USR-CEFA08DB,2026-01-13,45,Female,Tokyo
USR-AD044595,2025-11-22,19,Female,Fukuoka
USR-4469367F,2025-09-04,32,Male,Hyogo
USR-3584B0F3,2025-07-18,18,Male,Tokyo
USR-9E6F7AC6,2025-06-10,18,Male,Aichi
USR-433F990C,2025-07-01,39,Female,Tokyo
USR-05B8A84E,2026-01-26,33,Male,Hyogo
USR-9818B6F4,2026-02-01,35,Female,Saitama
USR-20FB714E,2025-11-05,40,Other,Kanagawa
USR-D04F0D1C,2026-02-08,36,Male,Tokyo
USR-57B124C6,2026-02-10,43,Male,Tokyo
USR-60BC4130,2025-07-27,38,Male,Hyogo
USR-E61B3192,2025-11-07,29,Male,Saitama
USR-1453618B,2025-11-20,37,Other,Fukuoka
USR-8AB59DF2,2025-12-09,34,Female,Tokyo
USR-8DF4E655,2025-09-05,38,Male,Aichi
USR-C5CDA2E3,2025-12-21,18,Other,Tokyo
USR-C58E4128,2026-02-14,37,Female,Tokyo
USR-D382ABAD,2025-10-22,42,Male,Osaka
USR-9CBD7FA7,2025-12-01,54,Male,Hyogo
USR-AF60AF75,2026-01-01,30,Other,Hokkaido
USR-BEEAA1DA,2025-04-21,27,Female,Tokyo
USR-09617E42,2026-02-09,32,Male,Tokyo
USR-3D84F1C9,2025-11-01,52,Male,Chiba
USR-3CE16AA8,2026-02-19,34,Other,Kyoto
USR-DA40442E,2026-01-01,26,Male,Osaka
USR-E30ACCB9,2025-07-25,29,Female,Chiba
USR-CEE2DCB2,2025-07-30,36,Female,Hokkaido
USR-B681A362,2025-07-15,53,Male,Tokyo
USR-A8424D17,2026-01-26,23,Male,Tokyo
USR-53A94995,2025-10-04,27,Female,Kanagawa
USR-C3DB1FAE,2026-02-04,38,Female,Kyoto
USR-1022282D,2025-10-18,47,Male,Osaka
USR-48FFA3FD,2026-01-10,24,Male,Chiba
USR-D121A091,2025-08-24,36,Other,Kyoto
USR-EA33F11E,2025-09-30,35,Male,Kyoto
USR-2DFA449C,2025-07-04,18,Male,Tokyo
USR-D676BC80,2025-09-14,18,Female,Kyoto
USR-6975BC1C,2025-12-09,30,Female,Osaka
USR-82D788EE,2026-01-28,18,Male,Tokyo
USR-D19F0690,2025-08-24,39,Male,Kanagawa
USR-BDA92546,2025-12-15,25,Female,Osaka
USR-996747D1,2025-10-26,33,Female,Tokyo
USR-917AFBFD,2026-02-11,35,Male,Chiba
USR-74C8A93C,2026-01-21,26,Female,Fukuoka
USR-6DB5391F,2025-12-14,32,Male,Hyogo
USR-654936BD,2025-08-20,24,Female,Kanagawa
USR-650D56C4,2025-10-31,36,Male,Hyogo
USR-7ADB17F7,2025-10-06,18,Female,Tokyo
USR-0289E4B2,2025-12-01,36,Female,Hyogo
USR-93CBF815,2026-02-04,39,Male,Hyogo
USR-8BFF6238,2025-06-04,18,Female,Hyogo
USR-42B8D9F9,2025-06-23,34,Male,Kyoto
USR-EA442E11,2025-09-28,18,Female,Osaka
USR-A9AC57D6,2025-11-20,27,Female,Hokkaido
USR-EDA65DBE,2025-10-31,50,Female,Osaka
USR-BF6B6625,2025-11-11,25,Male,Tokyo
USR-5D437DD6,2026-02-25,49,Other,Osaka
USR-3DBA5AC6,2026-02-03,24,Other,Fukuoka
USR-592825BE,2025-10-17,30,Other,Tokyo
USR-3BC92C11,2025-09-16,30,Male,Aichi
USR-E2B79ADE,2025-12-13,23,Female,Fukuoka
USR-8E1E3EB9,2026-02-21,40,Male,Saitama
USR-A750C3B8,2025-04-18,32,Female,Saitama
USR-BFA06269,2025-12-09,18,Male,Tokyo
USR-7E74545A,2026-01-16,24,Male,Hokkaido
USR-48F8D309,2025-12-17,23,Male,Aichi
USR-C2C57A2F,2026-02-08,36,Male,Aichi
USR-943B64D3,2025-07-15,26,Other,Kanagawa
USR-E149363D,2026-01-10,43,Male,Osaka
USR-E4529808,2026-01-31,37,Female,Aichi
USR-5065CA6E,2026-02-04,34,Female,Hyogo
USR-15B036A8,2025-11-14,26,Male,Fukuoka
USR-01888C2F,2026-01-31,25,Female,Chiba
USR-43C00CE7,2026-01-04,25,Male,Tokyo
USR-D08E48AF,2025-11-28,43,Female,Tokyo
USR-8F0446E1,2026-01-29,39,Male,Saitama
USR-5C24106D,2026-02-14,32,Female,Tokyo
USR-7EE707E8,2025-11-30,18,Male,Aichi
USR-987132E0,2025-08-10,54,Female,Tokyo
USR-D580DAB4,2025-12-01,51,Female,Hokkaido
USR-1741D2CD,2026-01-03,18,Female,Kyoto
USR-21459E6B,2025-08-17,23,Female,Fukuoka
USR-19354408,2025-10-01,20,Female,Chiba
USR-D8D6B05E,2026-02-16,33,Male,Kanagawa
USR-8F9832E0,2025-11-19,19,Female,Osaka
USR-8B357131,2025-09-20,35,Male,Osaka
USR-989E627E,2026-01-23,30,Male,Saitama
USR-0F1C6DBE,2025-12-11,28,Male,Fukuoka
USR-20B122A2,2026-01-29,35,Male,Hyogo
USR-7B123D86,2026-01-17,24,Female,Chiba
USR-41F09551,2025-12-09,32,Male,Chiba
USR-8D328C6B,2025-07-05,18,Male,Chiba
USR-BA17B4F5,2026-01-20,28,Male,Tokyo
USR-96DFBE54,2025-12-24,32,Male,Saitama
USR-1982B4F0,2026-01-20,35,Female,Tokyo
USR-5964DD23,2025-12-18,30,Male,Fukuoka
USR-8AD66611,2025-07-13,34,Male,Aichi
USR-0D4BF440,2025-08-31,35,Male,Osaka
USR-ECD8EB36,2025-11-25,22,Female,Hokkaido
USR-B7C18AEF,2025-12-02,36,Male,Fukuoka
USR-9F0F64F1,2025-08-31,31,Female,Chiba
USR-5CE48D5B,2026-02-23,18,Other,Tokyo
USR-78E57FAF,2025-10-05,32,Male,Saitama
USR-E583B827,2026-02-04,29,Female,Chiba
USR-9FF795FF,2025-09-25,43,Female,Tokyo
USR-1FD044C8,2025-08-14,18,Male,Tokyo
USR-4F74E72D,2026-01-28,45,Other,Osaka
USR-0B70AFCD,2025-12-10,28,Female,Kanagawa
USR-7A49C0F4,2025-07-17,42,Female,Kanagawa
USR-392AE2A3,2025-05-07,51,Female,Osaka
USR-60D6FDEC,2026-02-26,36,Female,Osaka
USR-C8FD93C6,2025-08-15,18,Male,Kyoto
USR-2F96E890,2026-01-27,18,Female,Aichi
USR-2E685EF6,2025-12-28,18,Male,Hokkaido
USR-47D0BBC5,2026-02-08,29,Male,Chiba
USR-AE4BA1B7,2025-12-24,51,Female,Tokyo
USR-FB256CF6,2025-10-07,26,Female,Kanagawa
USR-795BD95D,2025-12-19,33,Female,Tokyo
USR-944A90B6,2025-10-20,49,Male,Hyogo
USR-2284F2D9,2025-12-26,24,Male,Kyoto
USR-D7289597,2025-07-17,40,Female,Chiba
USR-95497CBB,2026-01-23,18,Female,Chiba
USR-A515DAC8,2025-10-03,35,Female,Osaka
USR-EEA65C2F,2026-02-21,26,Female,Aichi
USR-6079B2F9,2025-12-04,23,Female,Osaka
USR-AC4BCC07,2025-12-02,37,Male,Tokyo
USR-6BF524A6,2025-12-16,28,Male,Tokyo
USR-00A95BB2,2025-12-22,33,Other,Fukuoka
USR-925AA5AC,2025-12-11,36,Male,Tokyo
USR-AF173D0A,2025-11-24,33,Female,Osaka
USR-78E654EA,2025-07-29,29,Female,Tokyo
USR-D9D02B65,2025-09-14,23,Female,Fukuoka
USR-29882894,2026-02-14,34,Male,Tokyo
USR-B58F9776,2025-08-17,27,Female,Aichi
USR-7F480F50,2025-07-29,38,Male,Tokyo
USR-37CF0E89,2026-02-18,28,Other,Tokyo
USR-B95596EB,2025-11-19,18,Female,Tokyo
USR-BD240E0B,2026-02-11,30,Male,Hyogo
USR-74213996,2025-09-07,31,Female,Kanagawa
USR-A7B5CA58,2025-12-17,18,Male,Tokyo
USR-E564AD51,2026-01-02,27,Male,Tokyo
USR-3E9B8D02,2025-08-14,32,Female,Osaka
USR-D95C67C7,2025-11-13,47,Female,Aichi
USR-61DECA24,2026-02-27,18,Female,Kanagawa
USR-BE4394B5,2026-01-27,18,Male,Fukuoka
USR-87193EF0,2026-01-19,18,Female,Tokyo
USR-981FA5B2,2025-10-19,39,Female,Fukuoka
USR-E5ECAFC2,2025-12-14,37,Female,Saitama
USR-154E2B2C,2025-08-13,27,Female,Tokyo
USR-418B6EDC,2025-08-20,34,Male,Osaka
USR-2116F0BD,2025-05-01,45,Female,Fukuoka
USR-49B7B5E9,2024-11-21,20,Female,Osaka
USR-96D1626B,2025-06-22,36,Female,Kanagawa
USR-7A8E193C,2025-10-08,28,Female,Kanagawa
USR-66BABA34,2026-01-14,32,Male,Osaka
USR-23280381,2026-02-25,18,Male,Saitama
USR-D160F217,2026-01-28,55,Female,Fukuoka
USR-9F914A24,2026-02-23,34,Male,Kyoto
USR-7486C640,2026-02-20,38,Other,Kanagawa
USR-F52396D9,2026-02-20,29,Male,Osaka
USR-145369A1,2025-11-26,18,Female,Tokyo
USR-4A6C8C20,2025-10-24,25,Male,Saitama
USR-2D3A7D6E,2025-05-21,50,Female,Tokyo
USR-B7E99843,2025-09-24,42,Female,Tokyo
USR-F3657B1A,2025-04-25,30,Female,Tokyo
USR-6A8B12E5,2025-10-05,21,Female,Fukuoka
USR-2DA3012D,2025-12-29,50,Other,Tokyo
USR-40549955,2026-02-26,28,Other,Fukuoka
USR-630E5708,2025-07-09,18,Male,Chiba
USR-305C16A9,2025-11-11,43,Female,Hokkaido
USR-E8E1B153,2025-12-19,40,Female,Kyoto
USR-2C033911,2026-01-27,32,Female,Osaka
USR-A61CDC2B,2026-02-01,27,Female,Osaka
USR-2EF2D5B7,2025-10-04,46,Female,Tokyo
USR-FB65F54F,2025-11-27,29,Female,Saitama
USR-C6707CC3,2025-10-25,22,Female,Hokkaido
USR-0D075425,2025-08-07,30,Male,Fukuoka
USR-E65D3809,2025-12-11,21,Female,Aichi
USR-47985259,2026-02-10,30,Female,Aichi
USR-6E2AFC08,2026-01-03,27,Female,Kyoto
USR-BBBA87F8,2026-02-21,45,Female,Hokkaido
USR-505FAD88,2025-08-05,18,Male,Osaka
USR-97AE3DF4,2026-01-03,18,Female,Tokyo
USR-F12444C3,2025-07-26,37,Other,Kyoto
USR-098DA84F,2025-12-04,21,Male,Kanagawa
USR-8E21F360,2025-09-17,24,Female,Hyogo
USR-66140D2A,2025-06-14,37,Male,Osaka
USR-FB5437E8,2025-09-17,41,Female,Chiba
USR-D33E5B1B,2025-11-12,35,Female,Kanagawa
USR-DB6AA5E3,2025-11-19,54,Male,Aichi
USR-EE91CC87,2025-12-03,39,Male,Hokkaido
USR-8B66D801,2025-08-01,23,Male,Aichi
USR-B2BACBDF,2026-02-15,42,Female,Aichi
USR-6C9187CF,2025-12-02,51,Male,Osaka
USR-A72F7B80,2026-02-13,32,Female,Fukuoka
USR-6F7C3361,2025-09-09,31,Other,Kanagawa
USR-6FF0FFDE,2025-12-21,44,Female,Chiba
USR-3625DF12,2025-07-24,36,Female,Hyogo
USR-F38D4D42,2026-01-11,49,Female,Osaka
USR-4058528B,2026-02-28,21,Female,Saitama
USR-DB435ABC,2026-02-16,18,Female,Hyogo
USR-74B80D0B,2026-01-23,25,Male,Fukuoka
USR-6AE06BF7,2025-12-06,27,Male,Chiba
USR-F72C9B34,2025-11-08,36,Female,Kyoto
USR-A2189587,2025-10-25,27,Female,Osaka
USR-2F362EC0,2025-10-11,21,Female,Chiba
USR-1471E6C1,2025-12-28,36,Other,Tokyo
USR-0ADFEBC7,2025-05-22,27,Female,Kyoto
USR-A289D170,2025-06-08,28,Male,Chiba
USR-9ACB74DC,2025-07-31,33,Female,Saitama
USR-DF6CF97D,2026-02-02,20,Female,Kyoto
USR-CCA59BE6,2025-10-06,36,Male,Hyogo
USR-9EEF410F,2025-11-06,23,Male,Tokyo
USR-F1DF2170,2025-08-25,18,Male,Aichi
USR-1AD002D4,2025-06-30,50,Male,Aichi
USR-81074D2F,2025-06-13,43,Male,Aichi
USR-356532BE,2026-02-18,18,Other,Aichi
USR-1149F621,2025-12-04,26,Male,Tokyo
USR-8FFA60F5,2026-02-17,32,Other,Tokyo
USR-D313C2BD,2026-02-14,39,Other,Hokkaido
USR-EC28C8E2,2025-07-31,40,Female,Kyoto
USR-BBDE6D92,2026-02-03,39,Male,Tokyo
USR-ADC83BE7,2025-09-29,23,Female,Kanagawa
USR-20D3933B,2025-12-19,30,Female,Tokyo
USR-A19DC31D,2025-09-02,41,Male,Chiba
USR-86EF74E8,2025-11-13,38,Female,Osaka
USR-DF554F86,2025-07-26,49,Male,Hokkaido
USR-E910C2B4,2025-10-30,36,Male,Tokyo
USR-36FB866E,2025-12-14,30,Male,Chiba
USR-5DCEA305,2025-11-25,40,Male,Tokyo
USR-C6F61FED,2025-12-08,19,Female,Aichi
USR-267DAB8F,2025-11-10,20,Male,Fukuoka
USR-1F42BD1F,2025-11-03,30,Female,Hyogo
USR-721E9C57,2026-02-10,30,Other,Tokyo
USR-A316C481,2026-02-19,33,Female,Aichi
USR-92C61C96,2025-10-30,29,Male,Kanagawa
USR-ECE9FAE8,2025-09-19,35,Female,Fukuoka
USR-0D256762,2026-01-03,60,Female,Aichi
USR-15C48C96,2026-01-07,29,Female,Hokkaido
USR-7A975D46,2026-02-20,18,Female,Tokyo
USR-ED6B2857,2026-02-08,34,Male,Aichi
USR-062D1DA6,2026-01-09,34,Male,Saitama
USR-54C494AC,2026-01-11,36,Other,Tokyo
USR-3E0BDCE6,2025-11-10,28,Male,Chiba
USR-AFE43384,2025-10-14,20,Female,Fukuoka
USR-B6B4996C,2025-12-26,36,Male,Saitama
USR-9795232E,2025-12-01,18,Female,Kyoto
USR-253C3381,2026-02-15,26,Female,Tokyo
USR-DA42CA76,2026-01-10,26,Male,Hokkaido
USR-B88D2C5B,2026-02-05,44,Female,Hokkaido
USR-4AE5805B,2025-07-02,18,Female,Kanagawa
USR-FC9CFB21,2025-12-16,30,Other,Hokkaido
USR-035ABC70,2025-12-08,38,Female,Osaka
USR-E55EBEAD,2025-12-07,32,Female,Fukuoka
USR-148A8810,2026-01-15,35,Female,Tokyo
USR-92E67091,2025-12-03,25,Male,Osaka
USR-8C59047E,2026-02-10,43,Female,Fukuoka
USR-3DCF8B46,2025-11-03,33,Male,Kanagawa
USR-2994D295,2026-01-07,24,Female,Aichi
USR-B4252F96,2026-02-14,34,Female,Tokyo
USR-74E7957F,2026-02-13,35,Female,Aichi
USR-7600A84A,2025-12-17,29,Male,Kanagawa
USR-D51FC580,2025-09-08,32,Male,Tokyo
USR-FB7362C3,2025-12-05,40,Male,Chiba
USR-5B6E739B,2025-10-18,40,Female,Fukuoka
USR-864BD9B5,2025-09-02,18,Male,Hyogo
USR-F2491EFD,2025-11-13,32,Other,Hyogo
USR-28E105F8,2026-02-03,26,Female,Aichi
USR-6AE68BC1,2025-11-16,33,Male,Hokkaido
USR-C808B976,2026-01-11,19,Other,Tokyo
USR-E9EE578F,2025-10-21,25,Female,Fukuoka
USR-A7B6D368,2026-02-08,37,Male,Osaka
USR-D88345D4,2025-10-04,42,Male,Fukuoka
USR-A24F57B8,2025-09-16,26,Female,Hokkaido
USR-4020666C,2025-11-02,25,Male,Tokyo
USR-E8BADAB8,2026-01-15,21,Female,Tokyo
USR-082DF180,2025-11-15,20,Female,Chiba
USR-DFC2F878,2025-10-27,39,Female,Kanagawa
USR-B9B8521F,2026-01-09,18,Female,Tokyo
USR-438AE6D3,2025-08-25,36,Male,Osaka
USR-1D470D6C,2025-08-12,36,Male,Aichi
USR-5A94A7CB,2025-06-08,38,Male,Hyogo
USR-E12542B8,2025-09-08,21,Female,Aichi
USR-DBB7F267,2025-12-15,26,Female,Aichi
USR-B3727ECC,2025-10-09,18,Male,Aichi
USR-7ECA9470,2025-11-11,34,Male,Hyogo
USR-5DDDCDA0,2026-02-27,45,Female,Tokyo
USR-27E7ECCC,2025-11-30,42,Male,Fukuoka
USR-72397CD1,2025-10-10,40,Male,Aichi
USR-6DACE46F,2026-02-11,43,Female,Kanagawa
USR-3C42F820,2025-10-22,33,Female,Osaka
USR-7C7C26AF,2025-12-26,18,Other,Hyogo
USR-A8B517F3,2026-02-06,43,Male,Osaka
USR-ADDB4E6E,2025-07-03,28,Male,Kanagawa
USR-9103851A,2025-09-13,28,Male,Chiba
USR-F7D4095B,2025-10-05,18,Female,Chiba
USR-CA703ACB,2026-01-19,20,Female,Aichi
USR-2FADFA42,2026-02-01,39,Male,Tokyo
USR-DC9E84CE,2025-08-14,28,Male,Tokyo
USR-EC312AFF,2025-06-14,40,Male,Chiba
USR-8464F293,2025-08-18,18,Male,Osaka
USR-CECFCAAD,2025-11-26,26,Male,Tokyo
USR-19017363,2025-09-09,18,Female,Tokyo
USR-1C36A028,2026-02-24,35,Female,Tokyo
USR-18DEFBE3,2026-02-16,34,Female,Aichi
USR-41438E9F,2026-02-24,30,Female,Aichi
USR-90E377C8,2025-10-14,23,Other,Kyoto
USR-FA7BEF9E,2026-02-19,33,Male,Fukuoka
USR-DBFE9226,2025-06-04,28,Female,Tokyo
USR-1737B808,2025-12-02,46,Female,Fukuoka
USR-FC7DFEF6,2025-06-30,43,Female,Osaka
USR-25C0F995,2025-11-25,24,Other,Tokyo
USR-818A03F8,2025-10-19,41,Male,Aichi
USR-A6DC3A41,2025-12-15,33,Male,Fukuoka
USR-6258282A,2025-11-03,64,Male,Tokyo
USR-D69D18B6,2025-06-11,23,Female,Chiba
USR-AE4E92FD,2025-10-09,38,Female,Saitama
USR-1CF10005,2025-08-23,43,Male,Tokyo
USR-6DBA443B,2025-09-25,35,Female,Fukuoka
USR-69826EA8,2025-12-19,19,Male,Osaka
USR-EFDE47EE,2025-12-11,34,Male,Chiba
USR-53FE2B1F,2026-01-17,33,Other,Kanagawa
USR-8520327C,2025-08-04,33,Male,Tokyo
USR-04F78998,2026-01-26,37,Male,Aichi
USR-4F60DBCD,2025-12-23,28,Other,Tokyo
USR-4474FD9D,2026-02-02,30,Other,Fukuoka
USR-9617D360,2026-02-27,39,Female,Kyoto
USR-A1330121,2025-12-02,33,Female,Osaka
USR-DD6340E4,2025-12-17,18,Female,Chiba
USR-005378CF,2025-12-16,34,Female,Hokkaido
USR-2FC13830,2025-09-14,47,Female,Saitama
USR-AE833573,2026-01-27,18,Male,Chiba
USR-12052D48,2026-02-20,34,Male,Tokyo
USR-68C23163,2025-04-21,38,Female,Kyoto
USR-2174DAA1,2026-02-13,29,Female,Tokyo
USR-82A5C3FD,2026-02-11,45,Female,Osaka
USR-C11ECFA6,2025-09-25,38,Female,Chiba
USR-A4A32359,2025-09-15,25,Other,Aichi
USR-90DB124C,2025-10-15,32,Female,Hokkaido
USR-3A4E834A,2025-12-07,27,Female,Hokkaido
USR-2641D689,2026-02-24,29,Male,Saitama
USR-CA1F1B17,2026-01-18,44,Male,Saitama
USR-3728614A,2025-12-19,34,Female,Osaka
USR-137123E3,2025-09-12,31,Other,Kyoto
USR-7468677B,2025-07-28,38,Male,Hokkaido
USR-2F1F9FB6,2026-02-13,18,Male,Kanagawa
USR-862702F8,2025-11-26,29,Male,Chiba
USR-993D897E,2026-02-05,39,Female,Kanagawa
USR-4CB6EEDB,2026-02-14,18,Male,Chiba
USR-71C6450E,2026-02-10,26,Male,Kanagawa
USR-ADD12C4E,2025-12-01,36,Female,Aichi
USR-7AAF0E69,2026-02-22,40,Male,Osaka
USR-07B22563,2025-07-18,43,Male,Hyogo
USR-709E18E0,2026-01-22,32,Female,Aichi
USR-5EA37D63,2025-09-05,25,Male,Saitama
USR-89CFFB08,2025-10-13,24,Male,Tokyo
USR-2DE19692,2025-11-08,26,Female,Saitama
USR-DE8B9C7E,2025-07-27,25,Female,Fukuoka
USR-1A2AD4A5,2025-10-14,36,Male,Chiba
USR-259E8424,2025-07-29,34,Male,Hokkaido
USR-9B1C6C81,2026-01-20,27,Male,Osaka
USR-9B7C461A,2025-06-25,31,Female,Chiba
USR-BCD71AFB,2025-11-14,28,Other,Kanagawa
USR-CBDAD041,2026-01-07,36,Male,Hyogo
USR-237AAECA,2025-11-04,18,Male,Kyoto
USR-9F897E87,2025-11-11,41,Male,Tokyo
USR-F5CEE960,2025-10-28,36,Male,Saitama
USR-47ED599C,2026-01-16,51,Female,Hokkaido
USR-BE90EB83,2025-12-02,46,Female,Tokyo
USR-8F8A449F,2026-01-11,43,Female,Tokyo
USR-23327163,2025-10-08,29,Female,Saitama
USR-76E1078C,2025-12-30,20,Female,Hokkaido
USR-9D57176B,2025-11-01,32,Female,Fukuoka
USR-035859B1,2026-02-20,18,Male,Kanagawa
USR-FD035E60,2026-01-10,32,Male,Kyoto
USR-7DBFB698,2025-12-02,33,Female,Osaka
USR-98C563F8,2025-10-31,33,Male,Aichi
USR-7E87DC22,2025-10-24,45,Male,Saitama
USR-8D9CC247,2025-12-21,18,Other,Tokyo
USR-C6C23A4B,2026-02-28,41,Male,Aichi
USR-157A10B1,2025-12-10,39,Male,Osaka
USR-A05A0812,2026-02-16,41,Male,Hyogo
USR-405EDD98,2025-10-15,39,Female,Osaka
USR-F8405179,2025-11-22,20,Female,Aichi
USR-7A34CF2C,2025-12-09,34,Other,Fukuoka
USR-368F45FE,2025-09-24,30,Male,Tokyo
USR-4597B3E6,2025-11-05,32,Female,Aichi
USR-8DA576DC,2025-11-23,27,Male,Hyogo
USR-B180A97A,2025-12-25,18,Male,Aichi
USR-A6978FE4,2026-01-30,29,Female,Tokyo
USR-337904D0,2025-12-12,31,Male,Kyoto
USR-BCFA392F,2025-12-23,27,Other,Osaka
USR-FE7695F6,2025-11-06,23,Other,Chiba
USR-4B1AF19E,2025-10-25,43,Female,Tokyo
USR-DB2411D5,2025-10-04,38,Female,Aichi
USR-85BF7BE2,2026-02-25,24,Male,Kanagawa
USR-5C0226C5,2025-06-25,58,Female,Osaka
USR-8630F5CB,2026-02-23,48,Female,Saitama
USR-E0DBB996,2026-01-27,49,Male,Saitama
USR-12060EB6,2025-07-23,30,Female,Saitama
USR-B4A6A8DD,2025-12-10,29,Female,Kyoto
USR-377E01DF,2025-10-27,18,Female,Saitama
USR-A2F6A88E,2026-01-23,28,Female,Kanagawa
USR-3B301F2E,2025-11-01,27,Female,Tokyo
USR-05684EC6,2025-10-17,30,Male,Osaka
USR-B478AEB3,2025-09-04,44,Male,Chiba
USR-51C62A0E,2025-06-06,22,Female,Tokyo
USR-784654BE,2025-10-18,37,Male,Saitama
USR-1705E9D9,2026-02-25,30,Male,Hyogo
USR-23013125,2026-01-22,39,Female,Saitama
USR-00C46383,2026-02-24,19,Female,Tokyo
USR-DEF641C9,2025-11-29,44,Male,Kyoto
USR-634CFE27,2025-12-26,39,Male,Saitama
USR-C8AB6402,2026-01-08,40,Other,Chiba
USR-EEF1C3C3,2025-12-09,37,Female,Osaka
USR-DA167B11,2025-06-01,29,Other,Hokkaido
USR-D08B729C,2025-12-22,39,Female,Osaka
USR-0C3B02F1,2026-02-11,34,Female,Tokyo
USR-4CA74FEF,2025-10-17,26,Female,Tokyo
USR-20C2EA44,2026-02-20,23,Male,Saitama
USR-A1A63B62,2026-01-11,29,Male,Aichi
USR-B199C545,2025-12-11,27,Female,Tokyo
USR-500491A3,2025-10-24,24,Male,Kyoto
USR-EA7E1517,2025-09-10,24,Male,Kyoto
USR-BBDAC3E4,2026-02-02,44,Other,Tokyo
USR-1C9ADCF2,2026-02-09,26,Female,Kyoto
USR-168A5A0B,2025-10-09,28,Female,Tokyo
USR-329094A0,2025-02-05,18,Male,Aichi
USR-11E1C4DE,2025-04-10,22,Other,Hyogo
USR-EF376D1B,2025-07-25,32,Male,Kyoto
USR-69D75EAF,2026-02-04,61,Female,Aichi
USR-C265538A,2025-06-04,24,Female,Tokyo
USR-68AB3DF3,2025-10-17,35,Female,Osaka
USR-54932096,2025-09-29,47,Female,Fukuoka
USR-F69156FB,2025-11-29,25,Female,Hyogo
USR-24108AEF,2025-10-07,21,Male,Saitama
USR-50D7DCE4,2025-11-10,37,Male,Tokyo
USR-9B5C55CE,2025-12-06,39,Female,Kyoto
USR-4EA2F8E2,2026-01-22,47,Male,Kanagawa
USR-ED2C34E7,2025-12-14,28,Male,Osaka
USR-2CC8E54A,2026-02-22,38,Female,Saitama
USR-DB40BDB5,2025-12-20,36,Other,Osaka
USR-5D4C5CEA,2026-01-23,27,Male,Tokyo
USR-2A7C68BF,2025-12-03,18,Male,Fukuoka
USR-D706DC78,2026-01-28,34,Female,Tokyo
USR-2878820A,2025-11-29,48,Female,Tokyo
USR-494A5F2F,2026-01-03,37,Male,Fukuoka
USR-45D59873,2025-08-07,36,Female,Fukuoka
USR-A17C3B0E,2025-10-10,39,Female,Tokyo
USR-1DAEB7B7,2025-10-26,44,Male,Fukuoka
USR-4337024D,2025-10-23,21,Female,Aichi
USR-96F19EDC,2025-08-19,35,Female,Saitama
USR-2B28EB48,2026-01-04,43,Female,Fukuoka
USR-44BDA9AA,2025-09-04,34,Male,Kyoto
USR-276C3B8A,2025-10-28,30,Other,Tokyo
USR-2FA966AC,2026-01-07,41,Female,Kyoto
USR-9CA98CA6,2026-02-03,23,Other,Osaka
USR-C0550C06,2025-07-06,18,Male,Saitama
USR-1AF6B033,2026-02-05,21,Female,Osaka
USR-521C0EC8,2025-10-09,43,Female,Saitama
USR-4C085BD2,2025-11-30,32,Male,Osaka
USR-934AE569,2026-01-28,20,Female,Hokkaido
USR-7A852F25,2025-11-30,41,Male,Kyoto
USR-FEA4BAEA,2025-12-09,27,Female,Aichi
USR-8DEA9AB2,2025-11-11,18,Male,Tokyo
USR-79BCE8A8,2025-11-10,33,Female,Saitama
USR-7A6BB4B9,2025-06-28,36,Male,Tokyo
USR-952FF497,2025-10-22,51,Male,Fukuoka
USR-39F04295,2026-01-15,49,Female,Osaka
USR-062DD25B,2026-01-28,23,Male,Osaka
